{
    "type": "database",
    "name": "db",
    "objects": [
        {
            "type": "table",
            "database": null,
            "name": "wyniki",
            "withoutRowId": true,
            "ddl": "CREATE TABLE [wyniki] ([wid] INTEGER PRIMARY KEY NOT NULL, [uid] INTEGER, [gid] INTEGER NOT NULL DEFAULT '0', [tid] INTEGER, [host] CHAR (50), [datas] INTEGER, [datak] INTEGER, [ileok] INTEGER, [mpkt] INTEGER)",
            "columns": [
                {
                    "name": "wid",
                    "type": "INTEGER",
                    "constraints": [
                        {
                            "type": "PRIMARY KEY",
                            "definition": "PRIMARY KEY "
                        },
                        {
                            "type": "NOT NULL",
                            "definition": "NOT NULL"
                        }
                    ]
                },
                {
                    "name": "uid",
                    "type": "INTEGER"
                },
                {
                    "name": "gid",
                    "type": "INTEGER",
                    "constraints": [
                        {
                            "type": "NOT NULL",
                            "definition": "NOT NULL "
                        },
                        {
                            "type": "DEFAULT",
                            "definition": "DEFAULT '0'"
                        }
                    ]
                },
                {
                    "name": "tid",
                    "type": "INTEGER"
                },
                {
                    "name": "host",
                    "type": "CHAR"
                },
                {
                    "name": "datas",
                    "type": "INTEGER"
                },
                {
                    "name": "datak",
                    "type": "INTEGER"
                },
                {
                    "name": "ileok",
                    "type": "INTEGER"
                },
                {
                    "name": "mpkt",
                    "type": "INTEGER"
                }
            ],
            "rows": [
            ]
        },
        {
            "type": "table",
            "database": null,
            "name": "strony",
            "withoutRowId": true,
            "ddl": "CREATE TABLE strony (\n\t\tsid INT PRIMARY KEY NOT NULL,\n\t\tpaid INTEGER,\n\t\tpord INTEGER,\n\t\tplik CHAR(10),\n\t\ttyt CHAR(30),\n\t\ttmenu CHAR(20),\n\t\tperm CHAR(10))",
            "columns": [
                {
                    "name": "sid",
                    "type": "INT",
                    "constraints": [
                        {
                            "type": "PRIMARY KEY",
                            "definition": "PRIMARY KEY "
                        },
                        {
                            "type": "NOT NULL",
                            "definition": "NOT NULL"
                        }
                    ]
                },
                {
                    "name": "paid",
                    "type": "INTEGER"
                },
                {
                    "name": "pord",
                    "type": "INTEGER"
                },
                {
                    "name": "plik",
                    "type": "CHAR"
                },
                {
                    "name": "tyt",
                    "type": "CHAR"
                },
                {
                    "name": "tmenu",
                    "type": "CHAR"
                },
                {
                    "name": "perm",
                    "type": "CHAR"
                }
            ],
            "rows": [
            ]
        },
        {
            "type": "table",
            "database": null,
            "name": "users",
            "withoutRowId": true,
            "ddl": "CREATE TABLE users (\n\t\tuid INTEGER PRIMARY KEY NOT NULL,\n\t\tlogin CHAR(20) UNIQUE NOT NULL,\n\t\thaslo CHAR(50) NOT NULL,\n\t\temail CHAR(40) UNIQUE NOT NULL,\n\t\tnazwisko CHAR(40) NOT NULL,\n\t\ta BOOLEAN,\n\t\tu BOOLEAN,\n\t\tn BOOLEAN,\n\t\td BOOLEAN,\n\t\tc BOOLEAN)",
            "columns": [
                {
                    "name": "uid",
                    "type": "INTEGER",
                    "constraints": [
                        {
                            "type": "PRIMARY KEY",
                            "definition": "PRIMARY KEY "
                        },
                        {
                            "type": "NOT NULL",
                            "definition": "NOT NULL"
                        }
                    ]
                },
                {
                    "name": "login",
                    "type": "CHAR",
                    "constraints": [
                        {
                            "type": "UNIQUE",
                            "definition": "UNIQUE "
                        },
                        {
                            "type": "NOT NULL",
                            "definition": "NOT NULL"
                        }
                    ]
                },
                {
                    "name": "haslo",
                    "type": "CHAR",
                    "constraints": [
                        {
                            "type": "NOT NULL",
                            "definition": "NOT NULL"
                        }
                    ]
                },
                {
                    "name": "email",
                    "type": "CHAR",
                    "constraints": [
                        {
                            "type": "UNIQUE",
                            "definition": "UNIQUE "
                        },
                        {
                            "type": "NOT NULL",
                            "definition": "NOT NULL"
                        }
                    ]
                },
                {
                    "name": "nazwisko",
                    "type": "CHAR",
                    "constraints": [
                        {
                            "type": "NOT NULL",
                            "definition": "NOT NULL"
                        }
                    ]
                },
                {
                    "name": "a",
                    "type": "BOOLEAN"
                },
                {
                    "name": "u",
                    "type": "BOOLEAN"
                },
                {
                    "name": "n",
                    "type": "BOOLEAN"
                },
                {
                    "name": "d",
                    "type": "BOOLEAN"
                },
                {
                    "name": "c",
                    "type": "BOOLEAN"
                }
            ],
            "rows": [
            ]
        },
        {
            "type": "table",
            "database": null,
            "name": "testg",
            "withoutRowId": true,
            "ddl": "CREATE TABLE testg (tid INTEGER NOT NULL, gid INTEGER NOT NULL, open BOOLEAN NOT NULL DEFAULT (0))",
            "columns": [
                {
                    "name": "tid",
                    "type": "INTEGER",
                    "constraints": [
                        {
                            "type": "NOT NULL",
                            "definition": "NOT NULL"
                        }
                    ]
                },
                {
                    "name": "gid",
                    "type": "INTEGER",
                    "constraints": [
                        {
                            "type": "NOT NULL",
                            "definition": "NOT NULL"
                        }
                    ]
                },
                {
                    "name": "open",
                    "type": "BOOLEAN",
                    "constraints": [
                        {
                            "type": "NOT NULL",
                            "definition": "NOT NULL "
                        },
                        {
                            "type": "DEFAULT",
                            "definition": "DEFAULT (0)"
                        }
                    ]
                }
            ],
            "rows": [
            ]
        },
        {
            "type": "table",
            "database": null,
            "name": "przedmioty",
            "withoutRowId": true,
            "ddl": "CREATE TABLE przedmioty (\n\t\tprzid INTEGER PRIMARY KEY NOT NULL,\n\t\tprzedm CHAR(40),\n\t\tuid INTEGER)",
            "columns": [
                {
                    "name": "przid",
                    "type": "INTEGER",
                    "constraints": [
                        {
                            "type": "PRIMARY KEY",
                            "definition": "PRIMARY KEY "
                        },
                        {
                            "type": "NOT NULL",
                            "definition": "NOT NULL"
                        }
                    ]
                },
                {
                    "name": "przedm",
                    "type": "CHAR"
                },
                {
                    "name": "uid",
                    "type": "INTEGER"
                }
            ],
            "rows": [
            ]
        },
        {
            "type": "table",
            "database": null,
            "name": "uinfo",
            "withoutRowId": true,
            "ddl": "CREATE TABLE uinfo (\n\t\tuid INTEGER,\n\t\tsid CHAR(50) DEFAULT '',\n\t\ttid INTEGER DEFAULT 0,\n\t\tllog INTEGER DEFAULT 0,\n\t\tip CHAR(40) DEFAULT '')",
            "columns": [
                {
                    "name": "uid",
                    "type": "INTEGER"
                },
                {
                    "name": "sid",
                    "type": "CHAR",
                    "constraints": [
                        {
                            "type": "DEFAULT",
                            "definition": "DEFAULT ''"
                        }
                    ]
                },
                {
                    "name": "tid",
                    "type": "INTEGER",
                    "constraints": [
                        {
                            "type": "DEFAULT",
                            "definition": "DEFAULT 0"
                        }
                    ]
                },
                {
                    "name": "llog",
                    "type": "INTEGER",
                    "constraints": [
                        {
                            "type": "DEFAULT",
                            "definition": "DEFAULT 0"
                        }
                    ]
                },
                {
                    "name": "ip",
                    "type": "CHAR",
                    "constraints": [
                        {
                            "type": "DEFAULT",
                            "definition": "DEFAULT ''"
                        }
                    ]
                }
            ],
            "rows": [
            ]
        },
        {
            "type": "table",
            "database": null,
            "name": "testp",
            "withoutRowId": true,
            "ddl": "CREATE TABLE testp (\n\t\ttid INTEGER NOT NULL,\n\t\tpid INTEGER NOT NULL)",
            "columns": [
                {
                    "name": "tid",
                    "type": "INTEGER",
                    "constraints": [
                        {
                            "type": "NOT NULL",
                            "definition": "NOT NULL"
                        }
                    ]
                },
                {
                    "name": "pid",
                    "type": "INTEGER",
                    "constraints": [
                        {
                            "type": "NOT NULL",
                            "definition": "NOT NULL"
                        }
                    ]
                }
            ],
            "rows": [
            ]
        },
        {
            "type": "table",
            "database": null,
            "name": "kategorie",
            "withoutRowId": true,
            "ddl": "CREATE TABLE kategorie (\n\t\tkid INTEGER PRIMARY KEY NOT NULL,\n\t\tkat CHAR(40),\n\t\tuid INTEGER,\n\t\tprzid INTEGER)",
            "columns": [
                {
                    "name": "kid",
                    "type": "INTEGER",
                    "constraints": [
                        {
                            "type": "PRIMARY KEY",
                            "definition": "PRIMARY KEY "
                        },
                        {
                            "type": "NOT NULL",
                            "definition": "NOT NULL"
                        }
                    ]
                },
                {
                    "name": "kat",
                    "type": "CHAR"
                },
                {
                    "name": "uid",
                    "type": "INTEGER"
                },
                {
                    "name": "przid",
                    "type": "INTEGER"
                }
            ],
            "rows": [
            ]
        },
        {
            "type": "table",
            "database": null,
            "name": "utok",
            "withoutRowId": true,
            "ddl": "CREATE TABLE utok (\n\t\tuid INTEGER NOT NULL,\n\t\ttok CHAR(50) NOT NULL DEFAULT '',\n\t\tilet INTEGER NOT NULL DEFAULT 0)",
            "columns": [
                {
                    "name": "uid",
                    "type": "INTEGER",
                    "constraints": [
                        {
                            "type": "NOT NULL",
                            "definition": "NOT NULL"
                        }
                    ]
                },
                {
                    "name": "tok",
                    "type": "CHAR",
                    "constraints": [
                        {
                            "type": "NOT NULL",
                            "definition": "NOT NULL "
                        },
                        {
                            "type": "DEFAULT",
                            "definition": "DEFAULT ''"
                        }
                    ]
                },
                {
                    "name": "ilet",
                    "type": "INTEGER",
                    "constraints": [
                        {
                            "type": "NOT NULL",
                            "definition": "NOT NULL "
                        },
                        {
                            "type": "DEFAULT",
                            "definition": "DEFAULT 0"
                        }
                    ]
                }
            ],
            "rows": [
            ]
        },
        {
            "type": "table",
            "database": null,
            "name": "gunp",
            "withoutRowId": true,
            "ddl": "CREATE TABLE gunp (\n\t\tgid INTEGER,\n\t\tuid INTEGER,\n\t\tnrp INTEGER,\n\t\tpgr INTEGER)",
            "columns": [
                {
                    "name": "gid",
                    "type": "INTEGER"
                },
                {
                    "name": "uid",
                    "type": "INTEGER"
                },
                {
                    "name": "nrp",
                    "type": "INTEGER"
                },
                {
                    "name": "pgr",
                    "type": "INTEGER"
                }
            ],
            "rows": [
            ]
        },
        {
            "type": "table",
            "database": null,
            "name": "wynpyt",
            "withoutRowId": true,
            "ddl": "CREATE TABLE \\"wynpyt\\" ([wid] INTEGER NOT NULL, [pid] INTEGER NOT NULL, [odp] TEXT, [wyn] BOOLEAN)",
            "columns": [
                {
                    "name": "wid",
                    "type": "INTEGER",
                    "constraints": [
                        {
                            "type": "NOT NULL",
                            "definition": "NOT NULL"
                        }
                    ]
                },
                {
                    "name": "pid",
                    "type": "INTEGER",
                    "constraints": [
                        {
                            "type": "NOT NULL",
                            "definition": "NOT NULL"
                        }
                    ]
                },
                {
                    "name": "odp",
                    "type": "TEXT"
                },
                {
                    "name": "wyn",
                    "type": "BOOLEAN"
                }
            ],
            "rows": [
            ]
        },
        {
            "type": "table",
            "database": null,
            "name": "testy",
            "withoutRowId": true,
            "ddl": "CREATE TABLE testy (\n\t\ttid INTEGER PRIMARY KEY NOT NULL,\n\t\tprzid INTEGER,\n\t\tkid INTEGER,\n\t\tuid INTEGER,\n\t\ttyp INTEGER,\n\t\twer CHAR(5),\n\t\tzakres CHAR(50),\n\t\tskid INTEGER NOT NULL DEFAULT 1,\n\t\tczas INTEGER,\n\t\tord TEXT,\n\t\tlosp BOOLEAN,\n\t\tloso BOOLEAN,\n\t\topen BOOLEAN,\n\t\tpub BOOLEAN, ilep integer default 0)",
            "columns": [
                {
                    "name": "tid",
                    "type": "INTEGER",
                    "constraints": [
                        {
                            "type": "PRIMARY KEY",
                            "definition": "PRIMARY KEY "
                        },
                        {
                            "type": "NOT NULL",
                            "definition": "NOT NULL"
                        }
                    ]
                },
                {
                    "name": "przid",
                    "type": "INTEGER"
                },
                {
                    "name": "kid",
                    "type": "INTEGER"
                },
                {
                    "name": "uid",
                    "type": "INTEGER"
                },
                {
                    "name": "typ",
                    "type": "INTEGER"
                },
                {
                    "name": "wer",
                    "type": "CHAR"
                },
                {
                    "name": "zakres",
                    "type": "CHAR"
                },
                {
                    "name": "skid",
                    "type": "INTEGER",
                    "constraints": [
                        {
                            "type": "NOT NULL",
                            "definition": "NOT NULL "
                        },
                        {
                            "type": "DEFAULT",
                            "definition": "DEFAULT 1"
                        }
                    ]
                },
                {
                    "name": "czas",
                    "type": "INTEGER"
                },
                {
                    "name": "ord",
                    "type": "TEXT"
                },
                {
                    "name": "losp",
                    "type": "BOOLEAN"
                },
                {
                    "name": "loso",
                    "type": "BOOLEAN"
                },
                {
                    "name": "open",
                    "type": "BOOLEAN"
                },
                {
                    "name": "pub",
                    "type": "BOOLEAN"
                },
                {
                    "name": "ilep",
                    "type": "integer",
                    "constraints": [
                        {
                            "type": "DEFAULT",
                            "definition": "default 0"
                        }
                    ]
                }
            ],
            "rows": [
            ]
        },
        {
            "type": "table",
            "database": null,
            "name": "mp",
            "withoutRowId": true,
            "ddl": "CREATE TABLE mp (\n\t\tmid INTEGER NOT NULL,\n\t\tpid INTEGER NOT NULL)",
            "columns": [
                {
                    "name": "mid",
                    "type": "INTEGER",
                    "constraints": [
                        {
                            "type": "NOT NULL",
                            "definition": "NOT NULL"
                        }
                    ]
                },
                {
                    "name": "pid",
                    "type": "INTEGER",
                    "constraints": [
                        {
                            "type": "NOT NULL",
                            "definition": "NOT NULL"
                        }
                    ]
                }
            ],
            "rows": [
            ]
        },
        {
            "type": "table",
            "database": null,
            "name": "skale",
            "withoutRowId": true,
            "ddl": "CREATE TABLE skale (\n\t\tskid INTEGER PRIMARY KEY NOT NULL,\n\t\tuid INTEGER,\n\t\ttyp SMALL INTEGER DEFAULT 1,\n\t\tnazwa CHAR(20),\n\t\toceny CHAR(40),\n\t\tprogi CHAR(40))",
            "columns": [
                {
                    "name": "skid",
                    "type": "INTEGER",
                    "constraints": [
                        {
                            "type": "PRIMARY KEY",
                            "definition": "PRIMARY KEY "
                        },
                        {
                            "type": "NOT NULL",
                            "definition": "NOT NULL"
                        }
                    ]
                },
                {
                    "name": "uid",
                    "type": "INTEGER"
                },
                {
                    "name": "typ",
                    "type": "SMALL INTEGER",
                    "constraints": [
                        {
                            "type": "DEFAULT",
                            "definition": "DEFAULT 1"
                        }
                    ]
                },
                {
                    "name": "nazwa",
                    "type": "CHAR"
                },
                {
                    "name": "oceny",
                    "type": "CHAR"
                },
                {
                    "name": "progi",
                    "type": "CHAR"
                }
            ],
            "rows": [
            ]
        },
        {
            "type": "table",
            "database": null,
            "name": "pytania",
            "withoutRowId": true,
            "ddl": "CREATE TABLE [pytania] ([pid] INTEGER PRIMARY KEY NOT NULL, [przid] INTEGER DEFAULT(1), [kid] INTEGER DEFAULT(1), [uid] INTEGER, [typ] INTEGER, [pyt] TEXT, [odpt] TEXT, [odp] TEXT, [pub] BOOLEAN, [mpkt] INTEGER DEFAULT '0', [txt] TEXT DEFAULT(''))",
            "columns": [
                {
                    "name": "pid",
                    "type": "INTEGER",
                    "constraints": [
                        {
                            "type": "PRIMARY KEY",
                            "definition": "PRIMARY KEY "
                        },
                        {
                            "type": "NOT NULL",
                            "definition": "NOT NULL"
                        }
                    ]
                },
                {
                    "name": "przid",
                    "type": "INTEGER",
                    "constraints": [
                        {
                            "type": "DEFAULT",
                            "definition": "DEFAULT(1)"
                        }
                    ]
                },
                {
                    "name": "kid",
                    "type": "INTEGER",
                    "constraints": [
                        {
                            "type": "DEFAULT",
                            "definition": "DEFAULT(1)"
                        }
                    ]
                },
                {
                    "name": "uid",
                    "type": "INTEGER"
                },
                {
                    "name": "typ",
                    "type": "INTEGER"
                },
                {
                    "name": "pyt",
                    "type": "TEXT"
                },
                {
                    "name": "odpt",
                    "type": "TEXT"
                },
                {
                    "name": "odp",
                    "type": "TEXT"
                },
                {
                    "name": "pub",
                    "type": "BOOLEAN"
                },
                {
                    "name": "mpkt",
                    "type": "INTEGER",
                    "constraints": [
                        {
                            "type": "DEFAULT",
                            "definition": "DEFAULT '0'"
                        }
                    ]
                },
                {
                    "name": "txt",
                    "type": "TEXT",
                    "constraints": [
                        {
                            "type": "DEFAULT",
                            "definition": "DEFAULT('')"
                        }
                    ]
                }
            ],
            "rows": [
            ]
        },
        {
            "type": "table",
            "database": null,
            "name": "media",
            "withoutRowId": true,
            "ddl": "CREATE TABLE media (\n\t\tmid INTEGER PRIMARY KEY NOT NULL,\n\t\tuid INTEGER,\n\t\ttyp INTEGER,\n\t\tfname TEXT NOT NULL,\n\t\topis TEXT DEFAULT '',\n\t\tpub BOOLEAN)",
            "columns": [
                {
                    "name": "mid",
                    "type": "INTEGER",
                    "constraints": [
                        {
                            "type": "PRIMARY KEY",
                            "definition": "PRIMARY KEY "
                        },
                        {
                            "type": "NOT NULL",
                            "definition": "NOT NULL"
                        }
                    ]
                },
                {
                    "name": "uid",
                    "type": "INTEGER"
                },
                {
                    "name": "typ",
                    "type": "INTEGER"
                },
                {
                    "name": "fname",
                    "type": "TEXT",
                    "constraints": [
                        {
                            "type": "NOT NULL",
                            "definition": "NOT NULL"
                        }
                    ]
                },
                {
                    "name": "opis",
                    "type": "TEXT",
                    "constraints": [
                        {
                            "type": "DEFAULT",
                            "definition": "DEFAULT ''"
                        }
                    ]
                },
                {
                    "name": "pub",
                    "type": "BOOLEAN"
                }
            ],
            "rows": [
            ]
        },
        {
            "type": "table",
            "database": null,
            "name": "wynank",
            "withoutRowId": true,
            "ddl": "CREATE TABLE \\"wynank\\" ([wid] INTEGER NOT NULL DEFAULT(0), [pid] INTEGER NOT NULL, [odp] TEXT)",
            "columns": [
                {
                    "name": "wid",
                    "type": "INTEGER",
                    "constraints": [
                        {
                            "type": "NOT NULL",
                            "definition": "NOT NULL "
                        },
                        {
                            "type": "DEFAULT",
                            "definition": "DEFAULT(0)"
                        }
                    ]
                },
                {
                    "name": "pid",
                    "type": "INTEGER",
                    "constraints": [
                        {
                            "type": "NOT NULL",
                            "definition": "NOT NULL"
                        }
                    ]
                },
                {
                    "name": "odp",
                    "type": "TEXT"
                }
            ],
            "rows": [
            ]
        },
        {
            "type": "table",
            "database": null,
            "name": "grupy",
            "withoutRowId": true,
            "ddl": "CREATE TABLE grupy (\n\t\tgid INTEGER PRIMARY KEY NOT NULL,\n\t\tuid INTEGER NOT NULL,\n\t\tgrupa CHAR(10),\n\t\topis CHAR(40),\n\t\ttok CHAR(10) NOT NULL,\n\t\tilu INTEGER,\n\t\trszk CHAR(4))",
            "columns": [
                {
                    "name": "gid",
                    "type": "INTEGER",
                    "constraints": [
                        {
                            "type": "PRIMARY KEY",
                            "definition": "PRIMARY KEY "
                        },
                        {
                            "type": "NOT NULL",
                            "definition": "NOT NULL"
                        }
                    ]
                },
                {
                    "name": "uid",
                    "type": "INTEGER",
                    "constraints": [
                        {
                            "type": "NOT NULL",
                            "definition": "NOT NULL"
                        }
                    ]
                },
                {
                    "name": "grupa",
                    "type": "CHAR"
                },
                {
                    "name": "opis",
                    "type": "CHAR"
                },
                {
                    "name": "tok",
                    "type": "CHAR",
                    "constraints": [
                        {
                            "type": "NOT NULL",
                            "definition": "NOT NULL"
                        }
                    ]
                },
                {
                    "name": "ilu",
                    "type": "INTEGER"
                },
                {
                    "name": "rszk",
                    "type": "CHAR"
                }
            ],
            "rows": [
            ]
        }
    ]
}