<?xml version="1.0"?>
<channel><item><url>index</url><pubDate><![CDATA[Mon, 23 Sep 2013 21:49:43 +0000]]></pubDate><title><![CDATA[Welcome to GetSimple!]]></title><url><![CDATA[index]]></url><meta><![CDATA[getsimple, easy, content management system]]></meta><metad><![CDATA[]]></metad><menu><![CDATA[Home]]></menu><menuOrder><![CDATA[1]]></menuOrder><menuStatus><![CDATA[Y]]></menuStatus><template><![CDATA[template.php]]></template><parent><![CDATA[]]></parent><private><![CDATA[]]></private><slug><![CDATA[index]]></slug><filename><![CDATA[index.xml]]></filename></item></channel>
